{"cameraMode":{"drawMode":0,"name":"Shaded","section":"Shading Mode"},"sceneLighting":false,"audioPlay":false,"sceneViewState":{"m_AlwaysRefresh":false,"showFog":true,"showSkybox":true,"showFlares":true,"showImageEffects":true,"showParticleSystems":true,"showVisualEffectGraphs":true,"m_FxEnabled":true},"in2DMode":false,"pivot":{"x":-10.931227684020996,"y":-2.3798489570617677,"z":4.550189018249512},"rotation":{"x":0.09060417860746384,"y":-0.5239473581314087,"z":0.056178465485572818,"w":0.8450589776039124},"size":12.404152870178223,"orthographic":false}